category_id,job_category,posting_count,needs_review,confidence,c1_current,c2,c3,c4,c5,pick,correct_uri,notes
23,Recruiter,894,True,561,croupier,cassiere/cassiera,responsabile del bilancio,armaiolo/armaiola,sminatore/sminatrice,,http://data.europa.eu/esco/occupation/a6e8a6bf-9209-4d19-a131-a8b6431e0f75,
26,Addetto/a alle Pulizie,749,True,679,funzionario addetto alle politiche pubbliche/funzionaria addetta alle politiche pubbliche,operatore di forni per il trattamento termico/operatrice di forni per il trattamento termico,funzionario addetto alle politiche sociali/funzionaria addetta alle politiche sociali,addetto alle attrazioni/addetta alle attrazioni,funzionario addetto alle politiche sanitarie/funzionaria addetta alle politiche sanitarie,,http://data.europa.eu/esco/occupation/303a1e34-cb16-4054-b323-81e5eec17397,addetto alle pulizie negli stabili (corretto)
34,Pubblicità/Marketing/PR,655,True,658,assistente pubblicitario/assistente pubblicitaria,responsabile della pubblicità,responsabile dell’acquisto di spazi pubblicitari,addetto alle affissioni pubblicitarie/addetta alle affissioni pubblicitarie,consulente pubblicitario/consulente pubblicitaria,5,,
39,Risorse Umane/HR,620,True,655,gestore di ristorante,dirigente delle risorse umane,responsabile delle risorse umane,assistente alle risorse umane,correttore di bozze/correttrice di bozze,3,,
46,Alberghi/Ristoranti/Bar,510,True,615,monaco/suora,ausiliario sanitario portantino/ausiliaria sanitaria portantina,addetto alle attrazioni/addetta alle attrazioni,orafo/orafa,argentiere/argentiera,,http://data.europa.eu/esco/occupation/53cdd34e-22f2-41bd-b3c7-de22bf9bbcae ,
56,Innovation Specialist,453,True,679,responsabile dello sviluppo del prodotto,responsabile della ricerca nel campo delle TIC,ingegnere dell’innovazione/ingegnera dell'innovazione,specialista in business development,responsabile dell’innovazione,5,,
61,HR Business Partner,425,True,592,responsabile del commercio online,analista business dei sistemi TIC,dirigente delle risorse umane,business coach,analista middle office,3,,
64,Consulente SAP,418,True,629,consulente fallimentare,consulente informatico,tecnico riparatore di hardware,consulente forestale,consulente attuariale,2,,
70,Maître,396,True,694,formatore/formatrice,saggiatore/saggiatrice,maltatore/maltatrice,stimatore/stimatrice,capotrivellatore,,http://data.europa.eu/esco/occupation/53ed8787-3423-4843-8c63-7be1877d29e2 ,
78,Logistica/Imballaggio E Magazzinaggio,350,True,691,magazziniere/magazziniera,operatore di magazzino/operatrice di magazzino,addetto alla logistica/addetta alla logistica,responsabile della produzione di imballaggi,operaio addetto all’imballaggio manuale/operaia addetta all’imballaggio manuale,1,,
79,Social Media Manager,344,True,693,responsabile della gestione della community online,responsabile del marketing digitale,responsabile della comunicazione,media planner,responsabile dello sviluppo di abbigliamento,1,,
83,Brand Ambassador,324,True,663,responsabile dello sviluppo di abbigliamento,responsabile del marchio,ambasciatore/ambasciatrice,responsabile dell’employer branding,esattore/esattrice,2,,
99,Sanità/Medicina,262,True,639,assistente medico-sanitario/assistente medico-sanitaria,ausiliario sanitario portantino/ausiliaria sanitaria portantina,addetto a front office sanitario/addetta a front office sanitario,consulente sanitario/consulente sanitaria,docente universitario in scienze mediche/docente universitaria in scienze mediche,1,,
101,Addetto Protocollo,259,True,624,deputato/deputata,addetto alla stipulazione di prestiti ipotecari/addetta alla stipulazione di prestiti ipotecari,consulente prestiti,addetto alla segnaletica stradale orizzontale/addetta alla segnaletica stradale orizzontale,collaudatore di software/collaudatrice di software,,http://data.europa.eu/esco/occupation/ffade2f4-2528-4dfd-b36a-6e4092be08ed,
104,HR Analyst,235,True,681,analista del lavoro,analista business dei sistemi TIC,analista retributivo/analista retributiva,analista di business,analista dei dati,1,,
110,Edilizia,221,True,673,esercente di cartoleria ed edicola,manovale di miniera o di cava,operatore per la conduzione e la manutenzione di reti e impianti fognari/operatrice per la conduzione e la manutenzione di reti e impianti fognari,magliaio/magliaia,costruttore di arpe/costruttrice di arpe,,http://data.europa.eu/esco/occupation/47300afa-5496-484c-8f65-14247a98b2b8,
111,Risk Analyst,220,True,662,analista del rischio di credito,analista di titoli,analista di investimenti,analista assicurativo/analista assicurativa,consulente in materia di rischio assicurativo,1,,
119,Content Creator,206,True,648,blogger,addetto alla gestione dei contenuti web/addetta alla gestione dei contenuti web,scrittore/scrittrice,webmaster,sviluppatore di contenuti di e-learning/sviluppatrice di contenuti di e-learning,2,,
132,AI Engineer,182,True,683,ingegnere dell’intelligenza artificiale/ingegnera dell'intelligenza artificiale,ingegnere calcolatore,ingegnere dell’automazione,specialista in auto a guida autonoma,ingenere esperto in sistemi di domotica,1,,
139,Software Tester,169,True,643,analista software,collaudatore di software/collaudatrice di software,sviluppatore di software/sviluppatrice di software,collaudatore dell’usabilità informatica/collaudatrice dell’usabilità informatica,sistemista,2,,
162,Risk Manager,122,True,674,compilatore di quote/compilatrice di quote,gestore di patrimoni,gestore dei rischi aziendali,gestore del rischio finanziario,responsabile delle risorse materiali,3,,
171,Sales Representative,111,True,682,responsabile delle vendite,rappresentante tecnico-commerciale,responsabile del reparto vendite,operatore di call center/operatrice di call center,rappresentante del servizio clienti,2,,
175,Macellaio,104,True,0.69,macellaio/macellaia,tagliatore di macelleria/tagliatrice di macelleria,esercente di macelleria,modista,magliaio/magliaia,1,,
178,Progettista Edile,102,True,691,addetto a centro estetico/addetta a centro estetico,estetista,ingegnere progettista,disegnatore industriale/disegnatrice industriale,ponteggiatore/ponteggiatrice,3,,
188,Formazione/Istruzione,86,True,625,formatore/formatrice,docente nella formazione professionale,addetto alla composizione/addetta alla composizione,dirigente scolastico/dirigente scolastica,docente universitario in scienze dell’educazione/docente universitaria in scienze dell’educazione,1,,
201,UX Designer,70,True,0.67,web designer,architetto del paesaggio,designer grafico/designer grafica,sviluppatore di interfacce utente/sviluppatrice di interfacce utente,progettista di interfacce utente,1,,
207,Operations Manager,66,True,687,responsabile dei servizi,direttore di aeroporto/direttrice di aeroporto,direttore operativo/direttrice operativa,dirigente delle risorse umane,responsabile di reparto,3,,
211,Property Manager,62,True,692,gestore di patrimoni,responsabile di progetto,responsabile di reparto,responsabile di prodotto,responsabile della direzione crediti,1,,
236,Content Manager,41,True,694,addetto alla gestione dei contenuti web/addetta alla gestione dei contenuti web,location manager,responsabile di progetto,destination manager,responsabile della comunicazione,1,,
238,Turismo/Vacanze,40,True,566,artista di spettacolo,assistente familiare,tranviere/tranviera,tubista,addetto alla produzione orticola/addetta alla produzione orticola,,http://data.europa.eu/esco/occupation/9b35eab1-2adc-4057-a620-181862656a19,
237,Private Equity Analyst,40,True,668,analista di investimenti,analista di titoli,consulente economico/consulente economica,analista finanziario/analista finanziaria,analista retributivo/analista retributiva,1,,
240,Neolaureati,38,True,594,addetto alla bisellatura del vetro/addetta alla bisellatura del vetro,vetraio/vetraia,ispettore di saldatura/ispettrice di saldatura,coordinatore di saldatura/coordinatrice di saldatura,addetto alla molatura/addetta alla molatura,,http://data.europa.eu/esco/occupation/1092dd4c-b96b-4b3f-87fe-4a9e8d1937fb,
242,Addetto Stampa,37,True,689,modellista di stampi,addetto stireria/addetta stireria,serigrafo/serigrafa,preparatore telai serigrafici/preparatrice telai serigrafici,addetto a macchina spaccapietre/addetta a macchina spaccapietre,,http://data.europa.eu/esco/occupation/4b536ea7-ebac-4f75-8356-94eb639f1ecc,
252,Wedding Planner,31,True,604,organizzatore di matrimoni/organizzatrice di matrimoni,media planner,pianificatore di nave/pianificatrice di nave,esercente per la vendita di articoli di abbigliamento,terapista di coppia,1,,
253,Grafica/Creatività/Design,31,True,646,designer grafico/designer grafica,responsabile dei servizi,operatore di prestampa/operatrice di prestampa,tecnico di prestampa,sviluppatore di interfacce utente/sviluppatrice di interfacce utente,1,,
272,Content Editor Multimediale,22,True,682,progettista di media digitali,editore/editrice,editore librario/editrice libraria,artista digitale,responsabile del servizio noleggio,1,,
283,Internal Auditor,18,True,693,responsabile del controllo TIC,auditor informatico,assistente contabile,contabile,addetto ai controlli contabili /addetta ai controlli contabili,5,,
295,Macchinista Ferroviario,13,True,689,giuntista di cavi elettrici,macchinista ferroviario/macchinista ferroviaria,facchino teatrale,addetto ai traslochi/addetta ai traslochi,ispettore dell'infrastruttura ferroviaria/ispettrice dell'infrastruttura ferroviaria,2,,
296,Machine Learning Engineer,13,True,611,ingegnere dell’intelligenza artificiale/ingegnera dell'intelligenza artificiale,architetto di sistemi e-learning,sviluppatore di contenuti di e-learning/sviluppatrice di contenuti di e-learning,tecnico commerciale,assistente ingegnere,1,,
301,Addetto Recupero Crediti,11,True,671,mediatore creditizio/mediatrice creditizia,responsabile della direzione crediti,esattore di crediti/esattrice di crediti,consulente creditizio/consulente creditizia,esattore/esattrice,3,,
306,Rider,10,True,686,atleta professionista,corriere in bicicletta,istruttore di equitazione/istruttrice di equitazione,istruttore di attività all’aperto/istruttrice di attività all’aperto,animatore di attività all’aperto/animatrice di attività all’aperto,2,,
1,Venditore,5898,False,851,commerciante all’ingrosso,venditore porta a porta/venditrice porta a porta,venditore ambulante/venditrice ambulante,esercente di banco di mercato,assistente di vendita,,,
2,Assistente Amministrativo,3637,False,955,assistente contabile,assistente amministrativo/assistente amministrativa,assistente amministrativo medico/assistente amministrativa medica,dirigente amministrativo di tribunale/dirigente amministrativa di tribunale,responsabile di ufficio,,,
3,Commesso/a,3258,False,841,assistente di vendita,addetto alla vendita specializzato in cosmesi e profumeria/addetta alla vendita specializzata in cosmesi e profumeria,addetto alla vendita di fiori e piante/addetta alla vendita di fiori e piante,addetto alla vendita di prodotti ittici/addetta alla vendita di prodotti ittici,addetto alla vendita nel reparto macelleria e salumeria/addetta alla vendita nel reparto macelleria e salumeria,,,
4,Contabile,2545,False,863,responsabile della contabilità,responsabile del bilancio,contabile,revisore finanziario,addetto alla fatturazione/addetta alla fatturazione,,,
5,Impiegato Commerciale,2512,False,768,modello/modella,trader di materie prime,consulente prestiti,direttore commerciale/direttrice commerciale,responsabile spedizione e gestione ordini,,,
6,Operaio di Produzione,2498,False,874,responsabile della produzione chimica,dirigente dell’industria manifatturiera,responsabile di stabilimento di produzione,addetto alla produzione di latticini/addetta alla produzione di latticini,ingegnere di produzione,,,
7,Responsabile di Produzione,2333,False,942,responsabile della produzione chimica,responsabile della produzione delle calzature,dirigente dell’industria manifatturiera,responsabile di fonderia,resposabile delle attività di produzione,,,
8,Promoter,2158,False,0.92,promotore artistico/promotrice artistica,trader finanziario/trader finanziaria,promotore immobiliare/promotrice immobiliare,responsabile delle promozioni,responsabile attività promozionali,,,
9,Hostess,1705,False,885,assistente di volo,steward/hostess,figurante di sala in club,assistente di bordo del diporto,steward di terra/hostess di terra,,,
10,Responsabile Qualità,1555,False,833,responsabile della qualità dei prodotti di pelletteria,responsabile del servizio qualità,ingegnere responsabile della qualità,responsabile della qualità industriale,tecnico della qualità,,,
11,Addetto Servizio Clienti,1483,False,893,rappresentante del servizio clienti,responsabile del centro contatti,direttore di aeroporto/direttrice di aeroporto,responsabile del trasporto stradale,responsabile del servizio soci,,,
12,Software Developer,1450,False,738,sviluppatore di software/sviluppatrice di software,architetto software,progettista di sistemi integrati,tecnico di rete informatica,sviluppatore di software per sistemi integrati,,,
13,Digital Marketing Specialist,1392,False,878,responsabile del marketing digitale,assistente di marketing,responsabile del marketing online,gestore di rete marketing,consulente di marketing,,,
14,Cuoco,1326,False,801,cuoco/cuoca,capocuoco/capocuoca,Chef,installatore di impianti di isolamento/installatrice di impianti di isolamento,cocchiere/cocchiera,,,
15,Tuttofare,1246,False,933,tuttofare,soldato di fanteria,aiuto astatore/aiuto astatrice,esattore/esattrice,manutentore di fosse settiche/manutentrice di fosse settiche,,,
16,Magazziniere,1142,False,945,magazziniere/magazziniera,responsabile di inventario,magazziniere di pelletteria/magazziniera di pelletteria,magazziniere addetto alla preparazione degli ordini/magazziniera addetta alla preparazione degli ordini,specialista di magazzino di materie prime,,,
17,Sistemista,1115,False,942,sistemista,amministratore di sistemi TIC/amministratrice di sistemi TIC,amministratore di rete informatica/amministratrice di rete informatica,architetto di rete informatica,configuratore di applicazioni informatiche,,,
18,Cameriere/a,1110,False,875,cameriere/cameriera,capocameriere/capocameriera,steward/hostess,addetto alla vendita specializzato in cosmesi e profumeria/addetta alla vendita specializzata in cosmesi e profumeria,sommelier di vini,,,
19,Addetto alla Logistica,1033,False,929,addetto alla logistica/addetta alla logistica,responsabile della logistica e della distribuzione,responsabile della stalla per equini,tecnico addetto alla manutenzione aeroportuale,addetto al ricevimento delle materie prime/addetta al ricevimento delle materie prime,,,
20,Portiere d'Albergo,992,False,0.73,portiere d’albergo/portiera d’albergo,custode di immobili,orafo/orafa,argentiere/argentiera,fattorino conduttore di automobili e furgoni/fattorina conduttrice di automobili e furgoni,,,
21,Store Manager,967,False,718,responsabile degli acquisti,responsabile delle vendite,responsabile della catena di fornitura,responsabile dello sviluppo di abbigliamento,responsabile del marchio,,,
22,Cameriera ai Piani,922,False,727,addetto ai macchinari di scena/addetta ai macchinari di scena,cameriere/cameriera,musicista,tecnico di strumenti musicali,ispettore di gioco/ispettrice di gioco,,,
24,Consulente Informatico,825,False,947,consulente informatico,tecnico riparatore di hardware,collaudatore di sistemi TIC/collaudatrice di sistemi TIC,consulente di ricerca per sistemi informatici,tecnico informatico,,,
25,Tecnico Informatico,751,False,883,tecnico informatico,tecnico riparatore di hardware,specialista in riparazioni di attrezzature da ufficio,tecnico progettista hardware,tecnico riparatore di elettronica di consumo,,,
27,Altro,729,False,749,esperto di malto/esperta di malto,cantante,stiratore/stiratrice,addetto alla trecciatura/addetta alla trecciatura,supervisore dei cantieri edili,,,
28,Commerciale/Vendite,727,False,718,assistente di vendita,responsabile delle vendite,trader di materie prime,assistente di ufficio vendite,tecnico commerciale,,,
29,Ingegnere Elettrico,726,False,0.94,ingegnere elettrico,ingegnere elettronico,ingegnere elettromeccanico,ingegnere idroelettrico,ingegnere elettromagnetico,,,
30,Barista,710,False,893,bartender,barman,barista,fitoterapista,tributarista,,,
31,Addetto Front-Office,694,False,723,specialista in back office,addetto a front office sanitario/addetta a front office sanitario,responsabile di ufficio,addetto buste paga/addetta buste paga,assistente alle risorse umane,,,
32,Addetto alla Sicurezza,665,False,833,addetto alla sicurezza di eventi/addetta alla sicurezza di eventi,guardia del corpo,responsabile dei servizi di sicurezza privati,responsabile della sicurezza,addetto al controllo e sicurezza/addetta al controllo e sicurezza,,,
33,Informatica/IT,657,False,719,knowledge manager TIC,specialista informatico/specialista informatica,collaudatore dell’usabilità informatica/collaudatrice dell’usabilità informatica,collaudatore dell’integrazione informatica/collaudatrice dell’integrazione informatica,analista di sistemi TIC,,,
35,Lean Manager,653,False,902,responsabile del miglioramento continuo,responsabile del settore dell’energia,revenue manager nel settore dell’ospitalità,responsabile della catena di fornitura,responsabile di ufficio,,,
36,Ingegnere Meccanico,645,False,944,ingegnere meccanico,ingegnere meccanico minerario,ingegnere impiantista,ingeniere nel settore della meccanica di precisione,tecnico per la manutenzione delle macchine per la pelletteria,,,
37,Autista,641,False,863,autista soccorritore/autista soccorritrice,autista di carro funebre,autista privato/autista privata,comportamentista,imbalsamatore/imbalsamatrice,,,
38,Frigorista,621,False,738,fitoterapista,addetto alla vendita di fiori e piante/addetta alla vendita di fiori e piante,medico agopuntore,addetto alla fatturazione/addetta alla fatturazione,tributarista,,,
40,Aiuto Cuoco,599,False,779,cuoco/cuoca,assistente di cucina,aiuto astatore/aiuto astatrice,costruttore di arpe/costruttrice di arpe,costruttore di strumenti musicali a corda/costruttrice di strumenti musicali a corda,,,
41,Guardia Giurata,571,False,904,guardia giurata addetta al piantonamento fisso,agente di sorveglianza,ispettore della Guardia costiera/ispettrice della Guardia costiera,addetto ai servizi di scorta di valori/addetta ai servizi di scorta di valori,commissario di dogana/commissaria di dogana,,,
42,Addetto Paghe,546,False,774,aiuto astatore/aiuto astatrice,brasatore/brasatrice,addetto seguipersona/addetta seguipersona,addetto alla trecciatura/addetta alla trecciatura,conduttore di impianti di scissione di oli e grassi/conduttrice di impianti di scissione di oli e grassi,,,
43,Capocantiere,546,False,882,supervisore dei cantieri edili,esercente di panetteria,truccatore e parrucchiere per artisti/truccatrice e parrucchiera per artisti,capotreno,capotrivellatore,,,
44,Medico,545,False,819,medico agopuntore,assistente medico-sanitario/assistente medico-sanitaria,responsabile di struttura sanitaria,medico specialista,fisico,,,
45,Consulente Aziendale,518,False,922,consulente di gestione aziendale,analista middle office,responsabile business intelligence,consulente in trasferimento di imprese,consulente per lo sviluppo aziendale,,,
47,Ingegneria,510,False,833,ingegnere industriale,esperto in ingegneria delle superfici/esperta in ingegneria delle superfici,tecnico di ingegneria industriale,ingegnere meccanico,docente universitario di ingegneria/docente universitaria di ingegneria,,,
48,Commercio Al Dettaglio/Retail,504,False,754,commerciante al dettaglio,assistente di vendita,commesso di libreria/commessa di libreria,merchandiser allestitore/merchandiser allestitrice,gestore di conti bancari,,,
49,Operatore Socio Sanitario,499,False,0.91,assistente infermiere/assistente infermiera,operatore socio-sanitario/operatrice socio-sanitaria,operatore sanitario di comunità/operatrice sanitaria di comunità,operatore socio assistenziale/operatrice socio assistenziale,addetto alle emergenze/addetta alle emergenze,,,
50,Ingegnere Civile,487,False,908,ingegnere civile,tecnico dell'ingegneria civile ,ingegnere edile,geometra consulente immobiliare,ingegnere industriale,,,
51,Ingegnere Elettronico,484,False,912,ingegnere elettronico,ingegnere elettrico,ingegnere elettromeccanico,elettrotecnico,ingegnere elettromagnetico,,,
52,Tecnico CAD,470,False,807,modellista CAD di pelletteria,modellista CAD calzature,modellista CAD di abbigliamento,operatore CAD/operatrice CAD,tecnico modellista CAD di abbigliamento,,,
53,Analista Funzionale,470,False,782,responsabile del monitoraggio e della valutazione,consulente attuariale,analista del lavoro,analista di call center,esperto in scienze della comunicazione/esperta in scienze della comunicazione,,,
54,Elettricista,463,False,942,elettricista ferroviario/elettricista ferroviaria,elettricista,tecnico avionico,elettricista per eventi,giuntista di cavi elettrici,,,
55,Web Developer,456,False,707,sviluppatore web/sviluppatrice web,specialista in business development,web designer,ingegnere di rete informatica,architetto di rete informatica,,,
57,Formatore Aziendale,453,False,875,formatore aziendale/formatrice aziendale,tesoriere aziendale/tesoriera aziendale,responsabile della pianificazione strategica,direttore aziendale/direttrice aziendale,analista middle office,,,
58,Infermiere,440,False,908,assistente infermiere/assistente infermiera,infermiere specialista/infermiera specialista,infermiere addetto ai prelievi/infermiera addetta ai prelievi,infermiere di pratica avanzata/infermiera di pratica avanzata,infermiere generalista/infermiera generalista,,,
59,Consulenza,435,False,786,consulente attuariale,consulente per l'orientamento professionale,consulente sociale,progettista di interni,consulente per la tutela dei diritti dei consumatori,,,
60,Amministrazione/Segreteria,432,False,737,segretario/segretaria,ministro/ministra,dirigente della pubblica amministrazione,direttore della sicurezza sociale/direttrice della sicurezza sociale,funzionario amministrativo/funzionaria amministrativa,,,
62,Meccanico,425,False,939,tecnico per la manutenzione delle macchine per la pelletteria,tecnico meccanico,assemblatore meccanico,attrezzista meccanico/attrezzista meccanica,ingegnere meccanico minerario,,,
63,Receptionist,421,False,921,addetto al ricevimento/addetta al ricevimento,responsabile dei servizi di ricevimento e portineria in albergo,addetto alla reception/addetta alla reception,portiere notturno/portiera notturna,addetto a centro estetico/addetta a centro estetico,,,
65,Scaffalista,417,False,727,addetto agli scaffali/addetta agli scaffali,addetto alla fatturazione/addetta alla fatturazione,caldaista,operatore di impianti a vapore/operatrice di impianti a vapore,barman,,,
66,Informatore scientifico,415,False,863,informatore medico scientifico/informatrice medico scientifica,responsabile della ricerca,traduttore/traduttrice,investigatore della polizia scientifica/investigatrice della polizia scientifica,formatore/formatrice,,,
67,Addetto al Confezionamento,405,False,825,addetto al montaggio manuale di articoli di pelletteria/addetta al montaggio manuale di articoli di pelletteria,tecnico della lavorazione dei latticini,magazziniere di pelletteria/magazziniera di pelletteria,addetto al ricevimento delle materie prime/addetta al ricevimento delle materie prime,addetto al separatore di spezie/addetta al separatore di spezie,,,
68,Consulente Legale,400,False,933,consulente legale,consulente giuridico/consulente giuridica,consulente attuariale,tutore legale/tutrice legale,consulente di gestione aziendale,,,
69,Geometra,399,False,928,tecnico catastale,geometra consulente immobiliare,rilevatore cartografico/rilevatrice cartografica,rilevatore topografico/rilevatrice topografica,specialista in sistemi informativi geografici,,,
71,Scienza,390,False,741,pedologo/pedologa,tecnico sanitario di laboratorio biomedico,climatologo/climatologa,scienziato veterinario/scienziata veterinaria,docente universitario in scienze fisiche/docente universitaria in scienze fisiche,,,
72,Addetto Catering,378,False,825,addetto al catering/addetta al catering,commesso di negozio di gastronomia/commessa di negozio di gastronomia,commesso di panetteria/commessa di panetteria,addetto alla frantumazione/addetta alla frantumazione,cameriere/cameriera,,,
73,Educatore/Educatrice,374,False,713,educatore-istruttore-addestratore cinofilo/educatrice-istruttrice-addestratrice cinofila,ricercatore educativo/ricercatrice educativa,formatore/formatrice,educatore penitenziario/educatrice penitenziaria,pedagogo sociale/pedagoga sociale,,,
74,Agente Assicurativo,374,False,0.8,impiegato di assicurazione/impiegata di assicurazione,consulente in materia di rischio assicurativo,assicuratore/assicuratrice,agente di talenti,analista assicurativo/analista assicurativa,,,
75,Contabilità/Finanza,365,False,0.82,responsabile della contabilità,responsabile del bilancio,contabile,manager finanziario/manager finanziaria,assistente contabile,,,
76,Programmatore,360,False,866,analista software,curatore artistico/curatrice artistica,programmatore di macchine a controllo numerico/programmatrice di macchine a controllo numerico,operatore di fresatrice/operatrice di fresatrice,operatore di macchine CNC/operatrice di macchine CNC,,,
77,Assistente Sanitario,353,False,865,assistente medico-sanitario/assistente medico-sanitaria,assistente infermiere/assistente infermiera,assistente amministrativo medico/assistente amministrativa medica,consulente sanitario/consulente sanitaria,responsabile del servizio cartelle cliniche,,,
80,Software Architect,332,False,0.94,architetto software,architetto di sistemi TIC,progettista di sistemi integrati,sviluppatore di software per sistemi integrati,tecnico di rete informatica,,,
81,Controller,332,False,808,controllore ferroviario,collaudatore di pannelli di controllo/collaudatrice di pannelli di controllo,responsabile delle attività ferroviarie,ispettore di attrezzature elettroniche/ispettrice di attrezzature elettroniche,controllore dello spazio aereo/controllora dello spazio aereo,,,
82,Analista Finanziario,326,False,933,analista finanziario/analista finanziaria,consulente economico/consulente economica,giornalista economico/giornalista economica,analista frodi finanziarie,responsabile del bilancio,,,
84,Programmatore PLC,316,False,771,programmatore di macchine a controllo numerico/programmatrice di macchine a controllo numerico,operatore di fresatrice/operatrice di fresatrice,operatore di macchine CNC/operatrice di macchine CNC,analista software,programmatore e gestore di eventi/programmatrice e gestore di eventi,,,
85,Responsabile della Comunicazione,312,False,961,responsabile della comunicazione,responsabile della manutenzione dell’infrastruttura di comunicazione,responsabile delle telecomunicazioni,tecnico delle telecomunicazioni,analista delle telecomunicazioni,,,
86,Segretario/a,303,False,888,segretario/segretaria,assistente amministrativo/assistente amministrativa,assistente esecutivo/assistente esecutiva,segretario di Stato/segretaria di Stato,segretario generale/segretaria generale,,,
87,Ingegnere Energetico,300,False,946,ingegnere energetico,ingegnere elettrico,ingegnere dei sistemi energetici,ingegnere elettronico,ingegnere esperto in distribuzione di energia,,,
88,HR Manager,291,False,766,dirigente delle risorse umane,responsabile di categoria,responsabile di reparto,responsabile delle promozioni,responsabile di ufficio,,,
90,Ingegnere Aerospaziale,285,False,953,ingegnere aerospaziale,tecnico aerospaziale,ingegnere aerodinamico,disegnatore aerospaziale/disegnatrice aerospaziale,secondo ufficiale,,,
89,Addetto alla Manutenzione Industriale,285,False,842,supervisore della manutenzione industriale,addetto alla montatrice/addetta alla montatrice,addetto alla manutenzione veicoli/addetta alla manutenzione veicoli,responsabile della produzione industriale,operatore nel settore dei rottami metallici/operatrice nel settore dei rottami metallici,,,
91,Tecnico di Laboratorio Chimico,284,False,943,tecnico di analisi chimiche,tecnico biochimico,chimico,tecnico di laboratorio scientifico,responsabile della ricerca,,,
92,Pizzaiolo,282,False,943,pizzaiolo/pizzaiola,fattorino conduttore di automobili e furgoni/fattorina conduttrice di automobili e furgoni,viticoltore/viticoltrice,massaro di vigneti,spazzolaio/spazzolaia,,,
93,Ethical Hacker,279,False,845,hacker etico/hacker etica,responsabile della risposta ai ciberincidenti,responsabile dei rischi di cibersicurezza,tecnico della sicurezza informatica,ingegnere della sicurezza dei sistemi integrati,,,
94,Manutentore Meccanico,279,False,891,attrezzista meccanico/attrezzista meccanica,tecnico per la manutenzione delle macchine per la pelletteria,tecnico delle attrazioni,manutentore,manutentore elettromeccanico/manutentrice elettromeccanica,,,
95,Architetto,267,False,864,architetto/architetta,architetto di interni/architetta di interni,disegnatore architettonico/disegnatrice architettonica,architetto paesaggista/architetta paesaggista,giardiniere paesaggista/giardiniera paesaggista,,,
96,Customer Service/Call Center,265,False,707,responsabile di call center,operatore di call center/operatrice di call center,analista di call center,supervisore di call center,operatore sociale di call center/operatrice sociale di call center,,,
97,Pasticcere,264,False,891,pasticcere/pasticcera,capo chef pasticcere/capo chef pasticcera,pasticcere-confettiere/pasticcera-confettiera,esercente di panetteria,esercente di pasticceria,,,
98,IT Security Manager,262,False,884,amministratore della sicurezza delle infrastrutture TIC/amministratrice della sicurezza delle infrastrutture TIC,responsabile dei rischi di cibersicurezza,responsabile della sicurezza delle infrastrutture TIC,knowledge manager TIC,responsabile del servizio di assistenza TIC,,,
100,Capo Ufficio,261,False,776,responsabile di ufficio,responsabile della sicurezza,addetto alla stipulazione di prestiti ipotecari/addetta alla stipulazione di prestiti ipotecari,direttore ufficio appalti/direttrice ufficio appalti,specialista in riparazioni di attrezzature da ufficio,,,
102,Consulente Finanziario,249,False,943,consulente finanziario,trader finanziario/trader finanziaria,gestore di patrimoni,consulente economico/consulente economica,intermediario finanziario/intermediaria finanziaria,,,
103,Banconista,244,False,0.77,addetto al montaggio manuale di articoli di pelletteria/addetta al montaggio manuale di articoli di pelletteria,tesoriere bancario/tesoriera bancaria,addetto al taglio delle carni per la vendita/addetta al taglio delle carni per la vendita,assistente di vendita,direttore di banca/direttrice di banca,,,
105,Brand Manager,233,False,921,responsabile dello sviluppo di abbigliamento,responsabile del marchio,responsabile di prodotto,responsabile della catena di fornitura,responsabile della distribuzione,,,
106,Assistente di Direzione,227,False,947,assistente esecutivo/assistente esecutiva,segretario/segretaria,assistente di gestione,direttore di succursale/direttrice di succursale,responsabile di struttura di ricezione,,,
107,Programmatore CNC,226,False,969,operatore di fresatrice/operatrice di fresatrice,operatore di macchine CNC/operatrice di macchine CNC,programmatore di macchine a controllo numerico/programmatrice di macchine a controllo numerico,operatore di punzonatrice/operatrice di punzonatrice,addetto alla fresatrice/addetta alla fresatrice,,,
108,Responsabile della Logistica,225,False,938,responsabile della distribuzione,responsabile della logistica e della distribuzione,responsabile della catena di fornitura,supervisore della manutenzione industriale,analista della logistica,,,
109,Avvocato,222,False,937,avvocato/avvocata,giurista d’impresa,consulente in immigrazione,consulente per la tutela dei diritti dei consumatori,giurista linguista,,,
112,Ingegnere dell'Automazione,217,False,922,ingegnere dell’automazione,tecnico dell’automazione,specialista in auto a guida autonoma,ingegnere esperto in omologazioni,ingegnere del settore automobilistico,,,
113,Addetto Import Export,207,False,743,responsabile import-export,specialista import-export,specialista import-export di rottami e cascami,responsabile import-export di rottami e cascami,specialista import-export di articoli per la casa,,,
115,Verniciatore,207,False,821,addetto alla verniciatura di mezzi di trasporto/addetta alla verniciatura di mezzi di trasporto,addetto alla verniciatura a spruzzo/addetta alla verniciatura a spruzzo,addetto ai trattamenti superficiali/addetta ai trattamenti superficiali,verniciatore navale/verniciatrice navale,operaio del settore vinicolo/operaia del settore vinicolo,,,
116,Operatore CNC,207,False,958,operatore di macchine CNC/operatrice di macchine CNC,operatore di punzonatrice/operatrice di punzonatrice,operatore di fresatrice/operatrice di fresatrice,operatore di macchine per incisione/operatrice di macchine per incisione,operatore su tornio/operatrice su tornio,,,
114,Operatore Call Center,207,False,877,operatore di call center/operatrice di call center,responsabile di call center,operatore sociale di call center/operatrice sociale di call center,supervisore di call center,analista di call center,,,
118,Cassiere/a,206,False,777,rivenditore di lotteria/rivenditrice di lotteria,cassiere/cassiera,addetto alle macchine per la gassificazione/addetta alle macchine per la gassificazione,capo chef pasticcere/capo chef pasticcera,pasticcere/pasticcera,,,
117,Product Designer,206,False,738,designer di produzione,disegnatore sviluppatore di prodotto/disegnatrice sviluppatrice di prodotto,designer grafico/designer grafica,responsabile dei servizi,architetto del paesaggio,,,
120,Idraulico,204,False,917,idraulico,ingegnere idraulico,tecnico nel settore della fluidodinamica,supervisore di lavori di idraulica,operatore per lo scavo di gallerie/operatrice per lo scavo di gallerie,,,
121,Estetista,200,False,935,addetto a centro estetico/addetta a centro estetico,estetista,manicure,esperto in depilazione/esperta in depilazione,imbalsamatore/imbalsamatrice,,,
122,Servizi Sociali,198,False,839,responsabile dei servizi sociali,consulente protezione sociale,operatore socio assistenziale/operatrice socio assistenziale,consulente in servizi sociali,assistente sociale,,,
124,Interior Designer,196,False,821,architetto di interni/architetta di interni,architetto del paesaggio,progettista di interni,disegnatore di mobili/disegnatrice di mobili,responsabile dei servizi,,,
123,Muratore,196,False,723,muratore in pietrame,muratore in mattoni,responsabile di collezioni,imbalsamatore/imbalsamatrice,curatore di mostre/curatrice di mostre,,,
125,Montatore Meccanico,195,False,816,tecnico per la manutenzione delle macchine per la pelletteria,montatore meccanico nautico/montatrice meccanica nautica,attrezzista meccanico/attrezzista meccanica,assemblatore meccanico,tecnico delle attrazioni,,,
127,Lavapiatti,191,False,907,lavapiatti,lavavetri,addetto al lavaggio veicoli/addetta al lavaggio veicoli,addetto alla pulizia di esterni di edifici/addetta alla pulizia di esterni di edifici,addetto allo spogliatoio/addetta allo spogliatoio,,,
126,Operatore Bancario,191,False,854,operatore di cambio/operatrice di cambio,commissario borse estere/commissaria borse estere,operatore titoli/operatrice titoli,direttore di banca/direttrice di banca,tesoriere bancario/tesoriera bancaria,,,
129,Data Entry,190,False,732,operatore data entry/ operatrice data entry,addetto alla gestione di archivi di Big Data/addetta alla gestione di archivi di Big Data,supervisore inserimento dati,analista dei dati,esperto di integrazione dei database/esperta di integrazione dei database,,,
128,Parrucchiere,190,False,956,parrucchiere/parrucchiera,assistente parrucchiere/assistente parrucchiera,truccatore e parrucchiere per artisti/truccatrice e parrucchiera per artisti,acconciatore dello spettacolo/acconciatrice dello spettacolo,barbiere/barbiera,,,
130,Corriere,188,False,912,portalettere,fattorino conduttore di automobili e furgoni/fattorina conduttrice di automobili e furgoni,responsabile della logistica commerciale,custode di immobili,portiere d’albergo/portiera d’albergo,,,
131,Assistente alla Poltrona,187,False,905,assistente alla poltrona di studio odontoiatrico,operatore addetto alla pressa elicoidale/operatrice addetta alla pressa elicoidale,addetto alla montatrice/addetta alla montatrice,addetto alla rifinitura di prodotti di pelletteria/addetta alla rifinitura di prodotti di pelletteria,addetto alla premontatrice/addetta alla premontatrice,,,
133,Specialista Formazione,181,False,0.72,responsabile del monitoraggio e della valutazione,rilevatore idrografico/rilevatrice idrografica,tecnico di prestampa,specialista in categorie di appalti,responsabile metallurgico/responsabile metallurgica,,,
134,Bagnino,181,False,805,bagnino/bagnina,serraturiere/serraturiera,mugnaio/mugnaia,atleta professionista,ausiliario sanitario portantino/ausiliaria sanitaria portantina,,,
136,Tutor Didattico,177,False,0.78,direttore didattico di scuola elementare/direttrice didattica di scuola elementare,tutor scolastico/tutor scolastica,istruttore di guida/istruttrice di guida,insegnante di scuola pre-primaria,educatore didattico nei giardini zoologici/educatrice didattica nei giardini zoologici,,,
135,Barman,177,False,914,barista,barman,bartender,responsabile import-export di bevande,degustatore di birra/degustatrice di birra,,,
137,Fisioterapista,176,False,956,fisioterapista,fisioterapista specialista,assistente fisioterapista,chiropratico per animali/chiropratica per animali,massoterapista,,,
138,Produzione/Industrie Manifatturiere,170,False,754,dirigente dell’industria manifatturiera,responsabile della produzione industriale,responsabile della produzione chimica,responsabile della produzione delle calzature,operaio manovale industriale/operaia manovale industriale,,,
140,Educatore per l'Infanzia,168,False,842,insegnante per bambini con bisogni educativi speciali nella scuola dell’infanzia,insegnante per alunni con bisogni educativi speciali nella scuola primaria,insegnante per alunni con bisogni educativi speciali,coordinatore di servizi per l’infanzia/coordinatrice di servizi per l’infanzia,insegnante di alfabetizzazione per adulti,,,
141,Responsabile Trasporti,167,False,765,responsabile del trasporto stradale,responsabile della logistica commerciale,responsabile manutenzione dei mezzi di trasporto su strada,responsabile del trasporto mediante oleodotti,responsabile del settore del trasporto stradale,,,
142,Ingegnere delle Telecomunicazioni,165,False,969,ingegnere delle telecomunicazioni,tecnico delle telecomunicazioni,addetto alla manutenzione delle apparecchiature di telecomunicazione/addetta alla manutenzione delle apparecchiature di telecomunicazione,tecnico dell’ingegneria delle telecomunicazioni,esperto pre-vendita TIC/esperta pre-vendita TIC,,,
144,Ingegnere Gestionale,164,False,938,ingegnere gestionale,ingegnere industriale,ingegnere edile,ingegnere logistico,tecnologo tessile/tecnologa tessile,,,
143,Database Administrator,164,False,828,amministratore del database/amministratrice del database,amministratore di sistemi TIC/amministratrice di sistemi TIC,sviluppatore di database/sviluppatrice di database,amministratore di rete informatica/amministratrice di rete informatica,webmaster,,,
145,Addetto Back-Office,162,False,818,specialista in back office,addetto buste paga/addetta buste paga,assistente alle risorse umane,responsabile di ufficio,amministratore back office addetto ai mercati finanziari/ amministratrice back office addetta ai mercati finanziari,,,
146,Ingegnere Industriale,160,False,0.95,ingegnere industriale,tecnico di ingegneria industriale,ingegnere industriale nel settore della pelletteria,ingegnere progettista di macchinari,ingegnere progettista di macchine utensili industriali,,,
147,Responsabile di Magazzino,152,False,938,responsabile di inventario,responsabile di deposito,esercente di negozio,addetto ai controlli delle vendite/addetta ai controlli delle vendite,responsabile di negozio di arredamento,,,
148,Dentista,150,False,902,dentista,odontotecnico,assistente alla poltrona di studio odontoiatrico,dentista specialista,igienista dentale,,,
149,Camionista,150,False,934,conducente di autocarri,montatore di veicoli/montatrice di veicoli,motorista,montatore di carrozzerie di veicoli/montatrice di carrozzerie di veicoli,carrozziere costruttore di veicoli/carrozziera costruttrice di veicoli,,,
150,Centralinista,149,False,775,centralinista telefonico/centralinista telefonica,merchandiser allestitore/merchandiser allestitrice,stilista della presentazione,centralinista radio taxi,pontista,,,
151,Agente Immobiliare,147,False,808,agente immobiliare,agente di locazione,assistente di agenzia immobiliare,agente di talenti,gestore immobiliare,,,
152,Assistente Sociale,146,False,921,assistente sociale,operatore socio assistenziale/operatrice socio assistenziale,assistente sociale specialista,ispettore dell’INPS/ispettrice dell’INPS,assistente sociale specializzato in affidamento familiare/assistente sociale specializzata in affidamento familiare,,,
153,Farmacista,145,False,946,farmacista,tecnico farmaceutico,assistente farmacista,farmacista specializzato/farmacista specializzata,farmacista ospedaliero/farmacista ospedaliera,,,
154,Addetto alla Pianificazione Logistica,134,False,888,addetto alla logistica/addetta alla logistica,addetto alla montatrice/addetta alla montatrice,operaio del settore vinicolo/operaia del settore vinicolo,operaio addetto a linee elettriche aeree/operaia addetta a linee elettriche aeree,assistente alla catena di fornitura,,,
155,Ingegnere Meccatronico,131,False,886,ingegnere meccatronico,ingegnere meccanico,ingegnere meccanico minerario,ingegnere elettronico,ingeniere nel settore della meccanica di precisione,,,
157,Archivista,130,False,942,impiegato d’archivio/impiegata d’archivio,archivista,addetto alla gestione di archivi di Big Data/addetta alla gestione di archivi di Big Data,direttore di archivi di interesse culturale/direttrice di archivi di interesse culturale,fitoterapista,,,
156,Tecnico Radiologo,130,False,924,assistente medico-sanitario/assistente medico-sanitaria,tecnico radiologo,tecnico di radiologia diagnostica,radiotecnico,audiologo/audiologa,,,
158,Consulente Immobiliare,129,False,854,assistente di agenzia immobiliare,agente immobiliare,geometra consulente immobiliare,agente di locazione,assistente sociale familiare,,,
159,Spedizioniere,126,False,912,vettore marittimo non armatore,responsabile della logistica commerciale,responsabile settore spedizioni,addetto alla logistica/addetta alla logistica,guida alpina,,,
161,Videomaker,122,False,715,video designer,dattilografo/dattilografa,tecnico di proiezione,regista cinematografico e televisivo/regista cinematografica e televisiva,artista video,,,
160,Commercialista,122,False,0.88,contabile,assistente contabile,direttore commerciale/direttrice commerciale,responsabile spedizione e gestione ordini,responsabile del marketing,,,
163,Analista di Mercato,122,False,782,analista di ricerche di mercato,specialista in categorie di appalti,esercente di libreria,intervistatore per ricerche di mercato/intervistatrice per ricerche di mercato,reprografo/reprografa,,,
164,Project Manager,121,False,0.93,responsabile di progetto,project manager TIC,responsabile di prodotto,responsabile di programma,responsabile dello sviluppo del prodotto,,,
165,Organizzatore di Eventi,119,False,908,organizzatore di eventi/organizzatrice di eventi,programmatore e gestore di eventi/programmatrice e gestore di eventi,coordinatore di attività all’aperto/coordinatrice di attività all’aperto,animatore di attività speciali all’aperto/animatrice di attività speciali all’aperto,assistente organizzazione eventi,,,
167,Operatore Socio Assistenziale,115,False,933,operatore socio assistenziale/operatrice socio assistenziale,ausiliario socio-assistenziale/ausiliaria socio-assistenziale,assistente infermiere/assistente infermiera,responsabile di centro giovanile,assistente socio-sanitario in strutture residenziali per anziani disabili/assistente socio-sanitaria in strutture residenziali per anziani disabili,,,
166,Analista del Credito,115,False,872,analista del rischio di credito,analista creditizio/analista creditizia,responsabile della direzione crediti,gestore del rischio finanziario,analista di titoli,,,
168,Ottico,115,False,798,responsabile di centro ottico,ottico,tecnico ottico,ostetrico/ostetrica,optometrista,,,
169,Elettrotecnica/Metalmeccanico,115,False,812,tecnico per la manutenzione delle macchine per la pelletteria,elettrotecnico,tecnico elettrauto,elettricista d’auto,tecnico della strumentazione,,,
170,Tornitore,112,False,773,attrezzista meccanico/attrezzista meccanica,operatore di macchine da ritorcitura/operatrice di macchine da ritorcitura,parrucchiere/parrucchiera,conciatore/conciatrice,costruttore di utensili modellatore/costruttrice di utensili modellatrice,,,
172,Perito Meccanico,110,False,924,tecnico meccanico,tecnico per la manutenzione delle macchine per la pelletteria,attrezzista meccanico/attrezzista meccanica,operaio meccatronico/operaia meccatronica,tecnico meccatronico,,,
173,Ingegnere chimico,109,False,0.97,ingegnere chimico,ingegnere farmaceutico,responsabile della produzione chimica,ingegnere chimico metallurgico,chimico,,,
174,Liquidatore Sinistri,108,False,922,impiegato di assicurazione/impiegata di assicurazione,ispettore sinistri/ispettrice sinistri,liquidatore danni/liquidatrice danni,consulente fallimentare,esattore di crediti/esattrice di crediti,,,
176,Energia,104,False,806,intermediario di titoli energetici/intermediaria di titoli energetici,responsabile del settore dell’energia,consulente vendita di energia elettrica,consulente energetico/consulente energetica,certificatore energetico/certificatrice energetica,,,
177,Capo Reparto,103,False,729,responsabile del reparto vendite,caporeparto trecciatura,supervisore dei cantieri edili,capo chef pasticcere/capo chef pasticcera,deputato/deputata,,,
179,Tecnologo Alimentare,101,False,937,tecnologo alimentare/tecnologa alimentare,analista alimentare,nutrizionista per l’industria alimentare,tecnologo alimentare/tecnologa alimentare,biotecnologo alimentare/biotecnologa alimentare,,,
180,Gelataio,100,False,739,confezionatore caseario artigianale /confezionatrice casearia artigianale,addetto alla bisellatura del vetro/addetta alla bisellatura del vetro,vetraio/vetraia,pastaio/pastaia,costruttore di violini/costruttrice di violini,,,
181,Ingegnere Ambientale,99,False,941,ingegnere ambientale,ingegnere ambientale settore trattamento rifiuti,ingegnere ambientale settore minerario,ingegnere ambientale settore riciclaggio rifiuti,esperto ambientale/esperta ambientale,,,
182,Animatore,97,False,929,animatore/animatrice,animatore digitale/animatrice digitale,animatore 3D/animatrice 3D,animatore sportivo polivalente/animatrice sportiva polivalente,animatore in stop motion/animatrice in stop motion,,,
183,Carrellista,96,False,744,piastrellista,pittore artistico/pittrice artistica,carrozziere costruttore di veicoli/carrozziera costruttrice di veicoli,atleta professionista,cestaio/cestaia,,,
185,Broker Assicurativo,95,False,857,intermediario assicurativo/intermediaria assicurativa,intermediario di borsa/intermediaria di borsa,intermediario finanziario/intermediaria finanziaria,mediatore creditizio/mediatrice creditizia,assicuratore/assicuratrice,,,
184,Fresatore,95,False,884,costruttore di utensili modellatore/costruttrice di utensili modellatrice,brasatore/brasatrice,esattore/esattrice,intonacatore/intonacatrice,alesatore/alesatrice,,,
186,Operaio Metalmeccanico,90,False,858,tecnico per la manutenzione delle macchine per la pelletteria,operaio meccatronico/operaia meccatronica,assemblatore meccanico,tecnico meccanico,attrezzista meccanico/attrezzista meccanica,,,
187,Agente di Viaggio,89,False,897,operatore di agenzia di viaggio/operatrice di agenzia di viaggio,agente di viaggio,consulente di viaggio,responsabile dell’agenzia di viaggio,controllore del traffico aereo/controllora del traffico aereo,,,
189,Colf,86,False,847,collaboratore familiare/collaboratrice familiare,governante,manovale di miniera o di cava,collaudatore di sistemi TIC/collaudatrice di sistemi TIC,collaudatore di materiali/collaudatrice di materiali,,,
191,Guida Turistica,85,False,887,guida turistica,accompagnatore turistico/accompagnatrice turistica,rappresentante del tour operator,responsabile delle politiche per il turismo,responsabile dei tour operator,,,
190,Veterinario,85,False,0.91,tecnico veterinario,veterinario specialista,centralinista di ambulatorio veterinario,veterinario generalista,veterinario ufficiale,,,
192,Docente Universitario,84,False,0.85,docente universitario/docente universitaria,direttore di istituto di istruzione terziaria/direttrice di istituto di istruzione terziaria,docente universitario di lettere/docente universitaria di lettere,docente universitario di discipline giuridiche/docente universitaria di discipline giuridiche,docente universitario di infermieristica/docente universitaria di infermieristica,,,
193,Affari Legali,82,False,701,funzionario addetto agli affari giuridici/funzionaria addetta agli affari giuridici,revisore finanziario,consulente legale,segretario/segretaria,tutore legale/tutrice legale,,,
194,Insegnante delle Scuole Superiori,81,False,805,insegnante di scuola primaria,docente di scuola secondaria,insegnante di scuola pre-primaria,esperto delle indicazioni per il curricolo/esperta delle indicazioni per il curricolo,consulente scolastico/consulente scolastica,,,
195,Visual Merchandiser,79,False,897,stilista della presentazione,merchandiser allestitore/merchandiser allestitrice,ingegnere esperto in visione artificiale,croupier,disegnatore/disegnatrice,,,
196,Caldaista,77,False,0.72,responsabile di negozio di calzature e accessori in pelle,calzolaio riparatore/calzolaia riparatrice,calzolaio/calzolaia,operaio nel settore della distribuzione di energia elettrica/operaia nel settore della distribuzione di energia elettrica,operaio addetto a linee elettriche aeree/operaia addetta a linee elettriche aeree,,,
197,Psicologo,76,False,943,psicologo/psicologa,assistente psicologo clinico/assistente psicologa clinica,psicologo clinico/psicologa clinica,comportamentista,psicologo della salute/psicologa della salute,,,
198,Falegname,75,False,846,ebanista mobiliere,operatore di sega a nastro/operatrice di sega a nastro,carpentiere/carpentiera,alesatore/alesatrice,manovale di miniera o di cava,,,
199,Ingegnere Navale,72,False,932,ingegnere navale,tecnico di ingegneria navale,tecnico meccatronico del settore navale,carpentiere navale/carpentiera navale,ingegnere militare,,,
200,Ingegnere Edile,72,False,877,ingegnere edile,ingegnere esperto in impianti di energia rinnovabile offshore,ingegnere tessile,tecnologo tessile/tecnologa tessile,ingegnere direttore di cava/ingegnere direttrice di cava,,,
202,Agronomo,69,False,934,rilevatore cartografico/rilevatrice cartografica,agronomo/agronoma,tecnico agronomo,dottore agronomo,ispettore agronomo/ispettrice agronoma,,,
203,Biologo,68,False,909,biologo/biologa,biochimico,biofisico,ecologo/ecologa,tecnico biologo,,,
204,Tappezziere,68,False,0.85,tappezziere/tappezziera,tappezziere per mobili/tappezziera per mobili,tappezziere nautico/tappezziera nautica,restauratore di mobili/restauratrice di mobili,tappezziere per autoveicoli /tappezziera per autoveicoli,,,
205,Buyer,67,False,709,responsabile dell’acquisto di spazi pubblicitari,addetto alla vendita specializzato in cosmesi e profumeria/addetta alla vendita specializzata in cosmesi e profumeria,specialista in categorie di appalti,merchandiser allestitore/merchandiser allestitrice,commesso di negozio di informatica/commessa di negozio di informatica,,,
206,Carrozziere,66,False,827,carrozziere costruttore di veicoli/carrozziera costruttrice di veicoli,restauratore di veicoli/restauratrice di veicoli,addetto alla verniciatura di mezzi di trasporto/addetta alla verniciatura di mezzi di trasporto,addetto al guardaroba/addetta al guardaroba,atleta professionista,,,
208,Tecnico Help Desk,65,False,726,tecnico riparatore di elettronica di consumo,tecnico informatico,operatore specializzato nella produzione additiva in metallo/operatrice specializzata nella produzione additiva in metallo,tecnico di impianti di energia rinnovabile offshore,specialista in riparazioni di attrezzature da ufficio,,,
212,Operaio Agricolo,62,False,752,responsabile di azienda agricola,tecnico agronomo,caposquadra della produzione agricola,supervisore di macchinari di terra,lavoratore agricolo/lavoratrice agricola,,,
209,Autista di Autobus,62,False,926,autista di autobus,responsabile di linea di autotrasporti,autista di filobus,responsabile del servizio noleggio di autocarri,addetto alla manutenzione veicoli/addetta alla manutenzione veicoli,,,
210,Immobiliare,62,False,773,perito immobiliare/perita immobiliare,operatore titoli/operatrice titoli,amministratore di stabili e condomini/amministratrice di stabili e condomini,gestore immobiliare,amministratore immobiliare/amministratrice immobiliare,,,
213,Talent Manager,58,False,737,agente di talenti,gestore di patrimoni,responsabile del miglioramento continuo,curatore artistico/curatrice artistica,responsabile dello sviluppo di abbigliamento,,,
214,Analista Programmatore,58,False,938,analista software,curatore artistico/curatrice artistica,responsabile del monitoraggio e della valutazione,analista della user experience,programmatore di macchine a controllo numerico/programmatrice di macchine a controllo numerico,,,
215,Mediatore Culturale,58,False,0.94,assistente sociale nel settore immigrazione,mediatore interculturale/mediatrice interculturale,responsabile dei servizi culturali per i visitatori,mediatore artistico/mediatrice artistica,mediatore/mediatrice,,,
216,Biotecnologo,55,False,958,bioingegnere,biofisico,tecnico di biotecnologia,biotecnologo alimentare/biotecnologa alimentare,ingegnere biomedico,,,
218,Nutrizionista,54,False,959,dietologo/dietologa,nutrizionista esperto di mangimi/nutrizionista esperta di mangimi,tecnico dietista,nutrizionista per l’industria alimentare,supervisore della produzione di mangimi per animali,,,
217,Ingegnere di Processo,54,False,949,ingegnere di processo,tecnico di ingegneria industriale,ingegnere di produzione,ingegnere esperto in metallurgia di processo,ingegnere progettista di macchinari,,,
219,Tributarista,52,False,909,tributarista,giuntista di cavi elettrici,intagliatore di pietra/intagliatrice di pietra,addetto alle operazioni fiscali/addetta alle operazioni fiscali,autista di taxi,,,
222,Chimico,51,False,919,chimico,chimico formulatore,chimico analitico,miscelatore di esplosivi,tecnico chimico,,,
221,Tabaccaio,51,False,937,commesso di tabaccheria/commessa di tabaccheria,esercente di tabaccheria,classificatore di foglie di tabacco/classificatrice di foglie di tabacco,commerciante all’ingrosso di prodotti del tabacco,esercente di libreria,,,
220,Supply Chain Manager,51,False,912,responsabile della catena di fornitura,responsabile della distribuzione,responsabile dello sviluppo di abbigliamento,responsabile del marchio,assistente alla catena di fornitura,,,
223,Assuntore,50,False,706,assistente alle risorse umane,responsabile di stazione ferroviaria,dirigente delle risorse umane,tecnico addetto alla manutenzione dei sistemi microelettronici,gestore di patrimoni,,,
224,Psicoterapeuta,49,False,964,psicoterapeuta,terapista ricreazionale,massoterapista,musicoterapeuta,terapista di coppia,,,
226,Animatore per Bambini,48,False,807,assistente animatore di attività all’aperto/assistente animatrice di attività all’aperto,animatore/animatrice,operatore per l’infanzia/operatrice per l’infanzia,responsabile di centro diurno per l’infanzia,coordinatore di servizi per l’infanzia/coordinatrice di servizi per l’infanzia,,,
225,Logopedista,48,False,895,logopedista,sarto da uomo/sarta da uomo,modista,responsabile del marketing digitale,modellista di stampi,,,
227,Graphic Designer Editoriale,46,False,819,designer grafico/designer grafica,responsabile dei servizi,modello/modella,architetto del paesaggio,disegnatore/disegnatrice,,,
228,Sommelier,45,False,902,sommelier,sommelier di vini,capo sommelier,degustatore di birra/degustatrice di birra,capocameriere/capocameriera,,,
229,Serramentista,45,False,756,installatore di finestre/installatrice di finestre,installatore di porte/installatrice di porte,capotrivellatore,pontista,ponteggiatore/ponteggiatrice,,,
230,Operatore Ecologico,44,False,923,operatore ecologico/operatrice ecologica,ecologo/ecologa,responsabile della logistica commerciale,consulente ecologico/consulente ecologica,operatore forestale/operatrice forestale,,,
231,Fabbro,43,False,871,fabbro maniscalco,serraturiere/serraturiera,tecnico conciario,costruttore di clavicembali,addetto a centro estetico/addetta a centro estetico,,,
232,Consulente del Lavoro,43,False,833,assistente alle risorse umane,funzionario addetto alle politiche del lavoro/funzionaria addetta alle politiche del lavoro,addetto buste paga/addetta buste paga,assistente del terapista occupazionale,responsabile del trasporto stradale,,,
233,Segretaria di Studio Legale,42,False,905,assistente giuridico-amministrativo/assistente giuridico-amministrativa,segretario/segretaria,docente universitario di discipline giuridiche/docente universitaria di discipline giuridiche,dirigente amministrativo di tribunale/dirigente amministrativa di tribunale,direttore di penitenziario/direttrice di penitenziario,,,
234,Revisore Contabile,42,False,911,revisore finanziario,contabile,responsabile del bilancio,responsabile della contabilità,responsabile dei contratti,,,
235,Tecnico di Laboratorio,41,False,944,tecnico di laboratorio scientifico,tecnico biochimico,tecnico di analisi chimiche,tecnico fisico,responsabile di laboratorio di analisi mediche/direttrice di laboratorio di analisi mediche,,,
239,Audioprotesista,40,False,0.9,tecnico audioprotesista,audiologo/audiologa,audiodescrittore/audiodescrittrice,ortesista protesista,tecnico audio,,,
241,Musicista,38,False,942,musicista,artista di strada,produttore di musica/produttrice di musica,arrangiatore/arrangiatrice,direttore musicale/direttrice musicale,,,
243,Lavori domestici/Pulizie/Babysitter,37,False,768,collaboratore familiare/collaboratrice familiare,governante,assistente familiare,babysitter,governante con custodia dei bambini,,,
244,Biotecnologo Farmaceutico,37,False,858,bioingegnere,biofisico,tecnico farmaceutico,tecnico di biotecnologia,biotecnologo alimentare/biotecnologa alimentare,,,
245,Insegnante di Scuola Primaria,37,False,941,insegnante di scuola primaria,insegnante di scuola pre-primaria,docente di potenziamento di scuola dell’infanzia,docente di potenziamento di scuola secondaria,direttore didattico di scuola elementare/direttrice didattica di scuola elementare,,,
246,Volontariato,36,False,0.85,responsabile dei volontari,responsabile di volontari,soccorritore paramedico/soccorritrice paramedica,coordinatore del programma di volontariato d'impresa/coordinatrice del programma di volontariato d'impresa,vigile del fuoco,,,
247,Ingegnere Idraulico,33,False,938,ingegnere idraulico,idraulico,ingegnere esperto in impianti di energia rinnovabile offshore,ingegnere idroelettrico,ingegnere meccanico minerario,,,
248,Fisico,33,False,832,fisico,tecnico fisico,allenatore personale/allenatrice personale,allenatore sportivo/allenatrice sportiva,tecnico geologico,,,
249,Chirurgo,32,False,791,assistente medico-sanitario/assistente medico-sanitaria,costruttore di strumenti chirurgici/costruttrice di strumenti chirurgici,perfusionista,medico agopuntore,operatore addetto all’impiallacciatura/operatrice addetta all’impiallacciatura,,,
250,Gruista,32,False,879,gruista,tecnico di gru,conducente di ruspe,consulente giuridico/consulente giuridica,giuntista di cavi elettrici,,,
251,Giardiniere,31,False,845,giardiniere paesaggista/giardiniera paesaggista,paesaggista di interni,aiuto giardiniere/aiuto giardiniera,guardiano del parco/guardiana del parco,addetto alla vendita di fiori e piante/addetta alla vendita di fiori e piante,,,
254,Operatore Olistico,30,False,735,responsabile della logistica commerciale,alesatore/alesatrice,operatore di fresatrice/operatrice di fresatrice,operatore di rastrematrice/operatrice di rastrematrice,addetto all’essiccatoio/addetta all’essiccatoio,,,
255,Elettrauto,29,False,874,tecnico elettrauto,elettricista d’auto,giuntista di cavi elettrici,letterato/letterata,addetto alla saldatura a fascio di elettroni/addetta alla saldatura a fascio di elettroni,,,
257,Attuario,27,False,925,consulente attuariale,assistente attuario/assistente attuaria,artista di spettacolo,bottaio/bottaia,operatore ecologico/operatrice ecologica,,,
256,Fattorino,27,False,845,fattorino conduttore di automobili e furgoni/fattorina conduttrice di automobili e furgoni,operatore di frantoio/operatrice di frantoio,calzolaio/calzolaia,calzolaio riparatore/calzolaia riparatrice,operatore ecologico/operatrice ecologica,,,
258,Ingegnere Biomedico,26,False,944,ingegnere biomedico,ingegnere biochimico,bioingegnere,ingegnere farmaceutico,tecnico sanitario di laboratorio biomedico,,,
260,Educatore Professionale,25,False,804,animatore socioeducativo/animatrice socioeducativa,docente nella formazione professionale,consulente per l'orientamento professionale,pedagogo sociale/pedagoga sociale,allenatore personale/allenatrice personale,,,
261,Calzolaio,25,False,925,calzolaio/calzolaia,responsabile di negozio di calzature e accessori in pelle,calzolaio riparatore/calzolaia riparatrice,spazzolaio/spazzolaia,calzolaio su misura/calzolaia su misura,,,
262,Data Scientist,25,False,923,data scientist,addetto alla gestione di archivi di Big Data/addetta alla gestione di archivi di Big Data,analista dei dati,esperto di qualità dei dati/esperta di qualità dei dati,responsabile della gestione dati,,,
263,Orafo,25,False,0.89,filigranista,montatore di gioielli/montatrice di gioielli,orafo/orafa,incisore di gioielli,gioielliere/gioielliera,,,
259,Istruttore Sportivo,25,False,944,allenatore sportivo/allenatrice sportiva,istruttore sportivo/istruttrice sportiva,animatore di attività all’aperto/animatrice di attività all’aperto,amministratore sportivo/amministratrice sportiva,allibratore/allibratrice,,,
264,Gommista,24,False,895,gommista,intagliatore di pietra/intagliatrice di pietra,tassidermista,atleta professionista,commerciante all’ingrosso,,,
265,Imbianchino,24,False,0.95,pittore edile/pittrice edile,operatore cimiteriale/operatrice cimiteriale,brillatore,astrologo/astrologa,sensitivo/sensitiva,,,
266,SEO Specialist,24,False,748,esperto di ottimizzazione per i motori di ricerca/esperta di ottimizzazione per i motori di ricerca,responsabile del marketing digitale,responsabile del marketing online,responsabile delle risorse materiali,responsabile del monitoraggio e della valutazione,,,
268,Carpentiere,23,False,924,carpentiere/carpentiera,attrezzista di scena,carpentiere di scena/carpentiera di scena,supervisore di operazioni di carpenteria,calafatore,,,
267,Igienista Dentale,23,False,891,igienista dentale,dentista,dentatore per ingranaggi/dentatrice per ingranaggi,assistente alla poltrona di studio odontoiatrico,assistente medico-sanitario/assistente medico-sanitaria,,,
271,Allevatore,22,False,799,allevatore di pollame/allevatrice di pollame,allevatore di maiali/allevatrice di maiali,allevatore di animali da pelliccia/allevatrice di animali da pelliccia,capotrivellatore,allevatore di ovini/allevatrice di ovini,,,
270,Redattore,22,False,794,caporedattore/caporedattrice,esattore/esattrice,scrittore di discorsi/scrittrice di discorsi,direttore di periodico/direttrice di periodico,editore librario/editrice libraria,,,
269,Perito Assicurativo,22,False,711,stimatore/stimatrice,consulente in materia di rischio assicurativo,analista assicurativo/analista assicurativa,ispettore sinistri/ispettrice sinistri,impiegato di assicurazione/impiegata di assicurazione,,,
273,Responsabile di Laboratorio,21,False,849,responsabile di laboratorio di analisi mediche/direttrice di laboratorio di analisi mediche,responsabile della ricerca,tecnico di laboratorio scientifico,tecnico sanitario di laboratorio biomedico,tecnico di laboratorio addetto al controllo qualità dei prodotti di pelletteria,,,
275,Arredatore,21,False,855,merchandiser allestitore/merchandiser allestitrice,stilista della presentazione,caporedattore/caporedattrice,alesatore/alesatrice,esattore/esattrice,,,
274,Addetto Vendite,21,False,856,assistente di vendita,responsabile del reparto vendite,responsabile delle vendite,commesso di negozio specializzato/commessa di negozio specializzato,assistente di ufficio vendite,,,
276,Orientatore,21,False,775,consulente per l'orientamento professionale,coordinatore di saldatura/coordinatrice di saldatura,consulente scolastico/consulente scolastica,direttore tecnico di allestimento/direttrice tecnica di allestimento,operatore di legatoria/operatrice di legatoria,,,
277,Bibliotecario,20,False,925,bibliotecario/bibliotecaria,assistente di biblioteca,direttore di biblioteca/direttrice di biblioteca,editore librario/editrice libraria,esercente di libreria,,,
279,Asset Manager,19,False,911,gestore di patrimoni,responsabile della direzione crediti,revenue manager nel settore dell’ospitalità,account manager,responsabile delle risorse materiali,,,
278,Coordinatore della Supply Chain,19,False,938,responsabile della catena di fornitura,responsabile della distribuzione,responsabile della logistica e della distribuzione,responsabile della distribuzione di rottami e cascami,responsabile della distribuzione di elettrodomestici,,,
280,Tecnico Elettronico,19,False,867,tecnico elettronico,elettrotecnico,tecnico microelettronico,tecnico elettromeccanico,tecnico optoelettronico,,,
281,Ingegnere dei Materiali,19,False,955,ingegnere esperto nel trattamento dei minerali,ingegnere dei materiali,esperto in ingegneria delle superfici/esperta in ingegneria delle superfici,artigiano addetto alla lavorazione artistica dei metalli/artigiana addetta alla lavorazione artistica dei metalli,addetto alla lucidatura di metalli/addetta alla lucidatura di metalli,,,
282,Trattorista,18,False,0.84,addetto alla fatturazione/addetta alla fatturazione,cantante,tecnico di gru,cartoonist,attrezzista meccanico/attrezzista meccanica,,,
284,Radiologo,17,False,899,tecnico radiologo,assistente medico-sanitario/assistente medico-sanitaria,tecnico di radioterapia,tecnico di radiologia diagnostica,audiologo/audiologa,,,
285,Benzinaio,17,False,886,addetto a distributore di carburante/addetta a distributore di carburante,assistente di vendita,cassiere/cassiera,esercente di stazione di servizio,addetto alla manutenzione delle condotte/addetta alla manutenzione delle condotte,,,
287,Giornalista,16,False,945,giornalista,giornalista di cultura e spettacolo,titolare di rubrica,giornalista giudiziario/giornalista giudiziaria,giornalista politico/giornalista politica,,,
288,Intonacatore,16,False,892,intonacatore/intonacatrice,conciatore/conciatrice,cavatore,pittore edile/pittrice edile,banditore d’asta/banditrice d’asta,,,
289,Trader,16,False,814,trader di materie prime,trader di contratti a termine,intermediario di titoli energetici/intermediaria di titoli energetici,trader finanziario/trader finanziaria,approvvigionatore/approvvigionatrice,,,
286,Tecnico Ortopedico,16,False,851,tecnico ortopedico,tecnico calzature ortopediche,tecnico di ingegneria clinica,tecnico riparatore di elettronica di consumo,tecnico pedologo,,,
290,Curatore d’Arte,15,False,832,restauratore d’arte/restauratrice d’arte,responsabile di collezioni,curatore di mostre/curatrice di mostre,curatore artistico/curatrice artistica,curatore di museo/curatrice di museo,,,
291,Librario,14,False,814,editore librario/editrice libraria,bibliotecario/bibliotecaria,esercente di libreria,assistente di biblioteca,restauratore di libri/restauratrice di libri,,,
294,Lattoniere,13,False,783,copritetti,timoniere/timoniera,tranviere/tranviera,ausiliario sanitario portantino/ausiliaria sanitaria portantina,ispettore della qualità nel settore delle costruzioni/ispettrice della qualità nel settore delle costruzioni,,,
292,Ingegnere Informatico,13,False,781,ingegnere di rete informatica,tecnico riparatore di hardware,tecnico informatico,ingegnere esperto in impianti di energia rinnovabile offshore,ingegnere elettronico,,,
293,Investigatore,13,False,822,agente investigativo/agente investigativa,investigatore della polizia scientifica/investigatrice della polizia scientifica,investigatore privato/investigatrice privata,investigatore assicurativo/investigatrice assicurativa,artista di varietà,,,
299,Assistente di Volo,12,False,926,assistente di volo,steward/hostess,responsabili degli assistenti di volo,controllore del traffico aereo/controllora del traffico aereo,ispettore di volo/ispettrice di volo,,,
297,Baby Sitter,12,False,0.8,babysitter,ragazzo alla pari/ragazza alla pari,governante con custodia dei bambini,assistente familiare,pet sitter,,,
298,Forestale,12,False,0.86,ispettore del corpo forestale/ispettrice del corpo forestale,tecnico forestale,tecnico botanico,operatore forestale/operatrice forestale,consulente forestale,,,
302,Traduttore,11,False,932,traduttore/traduttrice,traduttore-localizzatore/traduttrice-localizzatrice,sottotitolatore/sottotitolatrice,perito trascrittore/perito trascrittrice,responsabile di agenzia di traduzione,,,
303,Fiorista,11,False,0.74,addetto alla vendita di fiori e piante/addetta alla vendita di fiori e piante,filigranista,fitoterapista,esercente fioraio/esercente fioraia,incisore,,,
300,Ostetrica,11,False,869,assistente ostetrico/assistente ostetrica,ostetrico/ostetrica,ortottista,assistente alla poltrona di studio odontoiatrico,massoterapista,,,
304,Badante,10,False,907,assistente familiare,soldato di fanteria,gestore di ristorante,addetto alla produzione orticola/addetta alla produzione orticola,lavoratore agricolo/lavoratrice agricola,,,
305,Istruttore di Nuoto,10,False,946,istruttore di nuoto/istruttrice di nuoto,maestro di salvamento/maestra di salvamento,addetto di piscina/addetta di piscina,istruttore di nautica/istruttrice di nautica,animatore di attività all’aperto/animatrice di attività all’aperto,,,
